{"cameraMode":{"drawMode":0,"name":"Shaded","section":"Shading Mode"},"sceneLighting":true,"audioPlay":false,"sceneViewState":{"m_AlwaysRefresh":false,"showFog":true,"showSkybox":true,"showFlares":true,"showImageEffects":true,"showParticleSystems":true,"showVisualEffectGraphs":true,"m_FxEnabled":true},"in2DMode":false,"pivot":{"x":1.6882139444351197,"y":0.8300466537475586,"z":1.7960978746414185},"rotation":{"x":-0.1215030699968338,"y":0.009525980800390244,"z":-0.001166079193353653,"w":-0.992545485496521},"size":4.33428430557251,"orthographic":false}